{"cameraMode":{"drawMode":0,"name":"Shaded","section":"Shading Mode"},"sceneLighting":true,"audioPlay":false,"sceneViewState":{"m_AlwaysRefresh":false,"showFog":true,"showSkybox":true,"showFlares":true,"showImageEffects":true,"showParticleSystems":true,"showVisualEffectGraphs":true,"m_FxEnabled":true},"in2DMode":false,"pivot":{"x":27.260005950927736,"y":14.91581916809082,"z":-3.4805688858032228},"rotation":{"x":-0.23456016182899476,"y":0.26484429836273196,"z":-0.06659450381994248,"w":-0.9329742789268494},"size":232.44610595703126,"orthographic":false}